topic,url
Why doesn't anyone care about the deaths in Qatar?,https://www.reddit.com/r/AskReddit/comments/z6p7pp/why_doesnt_anyone_care_about_the_deaths_in_qatar/
With less than 5 days to go. What’s your opinions on Qatar hosting the World Cup?,https://www.reddit.com/r/AskReddit/comments/yx7of4/with_less_than_5_days_to_go_whats_your_opinions/
Which team will win the 2022 World Cup in Qatar?,https://www.reddit.com/r/AskReddit/comments/yzszpe/which_team_will_win_the_2022_world_cup_in_qatar/
What is going on in Qatar??,https://www.reddit.com/r/AskReddit/comments/z2v9tr/what_is_going_on_in_qatar/
What happens if there’s an factual rainbow in the sky in Qatar??,https://www.reddit.com/r/AskReddit/comments/z2vo9d/what_happens_if_theres_an_factual_rainbow_in_the/
Who do you think will win the World Cup in Qatar?,https://www.reddit.com/r/AskReddit/comments/yypu9j/who_do_you_think_will_win_the_world_cup_in_qatar/
How would you describe your participation during the World cup in Qatar?,https://www.reddit.com/r/AskReddit/comments/yot4d9/how_would_you_describe_your_participation_during/
Football-/Soccerfans: Whats your opinion on the world cup bein in Qatar?,https://www.reddit.com/r/AskReddit/comments/ydvjav/footballsoccerfans_whats_your_opinion_on_the/
"People boycotting the FIFA World Cup in Qatar, why?",https://www.reddit.com/r/AskReddit/comments/yzn7oa/people_boycotting_the_fifa_world_cup_in_qatar_why/
who will win the World Cup in Qatar?,https://www.reddit.com/r/AskReddit/comments/yudmyl/who_will_win_the_world_cup_in_qatar/
"People that AREN'T boycotting Qatar, why? what is your Argument?",https://www.reddit.com/r/AskReddit/comments/z3p3rq/people_that_arent_boycotting_qatar_why_what_is/
"Knowing all the terrible things about Qatar, why did you still watch the world cup?",https://www.reddit.com/r/AskReddit/comments/zma2l5/knowing_all_the_terrible_things_about_qatar_why/
What would be an appropriate punishment for someone after they return home from having given financial support to the Qatar World Cup?,https://www.reddit.com/r/AskReddit/comments/z4h7xt/what_would_be_an_appropriate_punishment_for/
"First they ban homosexually, then they ban alcohol sales, what will Qatar ban next?",https://www.reddit.com/r/AskReddit/comments/yz6n5u/first_they_ban_homosexually_then_they_ban_alcohol/
"What do you think about the restrictions in Qatar, during the World Cup?",https://www.reddit.com/r/AskReddit/comments/z0uwon/what_do_you_think_about_the_restrictions_in_qatar/
reddit has a fifa ad for the qatar world cup. How low will they bend over?,https://www.reddit.com/r/AskReddit/comments/y3c85i/reddit_has_a_fifa_ad_for_the_qatar_world_cup_how/
Are you supporting the world cup in Qatar? Why? Why not?,https://www.reddit.com/r/AskReddit/comments/z2nwkk/are_you_supporting_the_world_cup_in_qatar_why_why/
"are you watching the World Cup in Qatar? And if so, how do you justify the 1000s of people who died just to build the stadiums?",https://www.reddit.com/r/AskReddit/comments/yorlq2/are_you_watching_the_world_cup_in_qatar_and_if_so/
What are your opinions on the controversies surrounding the Qatar World Cup?,https://www.reddit.com/r/AskReddit/comments/z9qx2z/what_are_your_opinions_on_the_controversies/
What is your current opinion of the country of Qatar?,https://www.reddit.com/r/AskReddit/comments/z3wzez/what_is_your_current_opinion_of_the_country_of/
Which country do you think will win the FIFA Qatar world cup and why?,https://www.reddit.com/r/AskReddit/comments/yar8ic/which_country_do_you_think_will_win_the_fifa/
How did the world cup in Qatar change your perception about the middle east?,https://www.reddit.com/r/AskReddit/comments/zlyunb/how_did_the_world_cup_in_qatar_change_your/
Are you going to Qatar for the world cup? Why/why not?,https://www.reddit.com/r/AskReddit/comments/yysweb/are_you_going_to_qatar_for_the_world_cup_whywhy/
why having a World Cup in Qatar ?,https://www.reddit.com/r/AskReddit/comments/z0zat5/why_having_a_world_cup_in_qatar/
What is your opinion on Qatar?,https://www.reddit.com/r/AskReddit/comments/tw6ijy/what_is_your_opinion_on_qatar/
What do you think about the World Cup going ahead in Qatar?,https://www.reddit.com/r/AskReddit/comments/yzc4cn/what_do_you_think_about_the_world_cup_going_ahead/
"If you had to defend the World Cup to be held in Qatar, what would you say?",https://www.reddit.com/r/AskReddit/comments/yzdsl9/if_you_had_to_defend_the_world_cup_to_be_held_in/
What is more fun than the World Cup in Qatar?,https://www.reddit.com/r/AskReddit/comments/xx5742/what_is_more_fun_than_the_world_cup_in_qatar/
What are you views of the fifa world cup in qatar and will you watch it?,https://www.reddit.com/r/AskReddit/comments/z019sg/what_are_you_views_of_the_fifa_world_cup_in_qatar/
"When France wins the world cup, what could they do as a final F U to Qatar?",https://www.reddit.com/r/AskReddit/comments/zmv3tp/when_france_wins_the_world_cup_what_could_they_do/
"World Cup in Qatar, what do you think should happen to it? To elaborate, what should the teams, FIFA and viewers in your opinion do?",https://www.reddit.com/r/AskReddit/comments/yym0ok/world_cup_in_qatar_what_do_you_think_should/
What do you think about the world cup in Qatar?,https://www.reddit.com/r/AskReddit/comments/ydf7mb/what_do_you_think_about_the_world_cup_in_qatar/